Key,Type,Desc,English,Chinese (Simplified),Afrikaans,Amharic ,Arabic,Azerbaijani,Belarusian,Bulgarian [bg],Bangla [bn],Catalan,Czech,Danish,German [de-DE],Greek,Spanish (Spain),Spanish (United States) [es-US],Estonian,Basque [eu-ES],Persian,Finnish,French (Canada),French (France),Galician [gl-ES],Gujarati,Hebrew,Hindi,Croatian,Hungarian,Armenian,Indonesian,Icelandic,Italian [it-IT],Japanese,Georgian,Kazakh,Khmer,Kannada,Korean,Kyrgyz (Cyrillic) [ky],Lao,Lithuanian,Latvian,Macedonian (FYROM) [mk],Malayalam,Mongolian,Marathi,Malay,Malay (Malaysia),Burmese,Norwegian,Nepali,Dutch [nl-NL],Punjabi,Polish,Portuguese (Brazil),Portuguese (Portugal),Romanian,Russian,Sinhala,Slovak,Slovenian,Albanian,Serbian,Swedish [sv-SE],Swahili,Tamil,Telugu,Thai,Tagalog,Turkish,Ukrainian,Urdu,Vietnamese,Chinese (Hong Kong),Chinese (Traditional),Zulu
Code,Text,--,en,zh_CN,af,am,ar,az,be,bg,bn,ca,cs,da,de_DE,el,es_ES,es_US,et,eu_ES,fa,fi,fr_CA,fr_FR,gl_ES,gu,he,hi,hr,hu,hy,id,is,it_IT,ja,ka,kk,km,kn,ko,ky,lo,lt,lv,mk,ml,mn,mr,ms,ms_MY,my,nb,ne,nl_NL,pa,pl,pt_BR,pt_PT,ro,ru,si,sk,sl,sq,sr,sv_SE,sw,ta,te,th,tl,tr,uk,ur,vi,zh_HK,zh_TW,zu
S_LevelTips_Des_level_01,Text,,Enter this door to complete the stage !,进门就过关了！,,,,,,,,,,,,,,,,,,,,,,,,,,,,,,,,,,,,,,,,,,,,,,,,,,,,,,,,,,,,,,,,,,,,,,,,,,
S_LevelTips_Des_level_02,Text,,Some doors may require a key !,有时需要用钥匙开锁！,,,,,,,,,,,,,,,,,,,,,,,,,,,,,,,,,,,,,,,,,,,,,,,,,,,,,,,,,,,,,,,,,,,,,,,,,,
S_LevelTips_Des_level_03,Text,,Find a way to reach higher !,找到通往更高处的方法！,,,,,,,,,,,,,,,,,,,,,,,,,,,,,,,,,,,,,,,,,,,,,,,,,,,,,,,,,,,,,,,,,,,,,,,,,,
S_LevelTips_Des_level_04,Text,,"Perhaps . . . 
Some courtesy is needed .","""也许……
需要一点礼数。""",,,,,,,,,,,,,,,,,,,,,,,,,,,,,,,,,,,,,,,,,,,,,,,,,,,,,,,,,,,,,,,,,,,,,,,,,,
S_LevelTips_Des_level_05,Text,,Play on a swing.,荡一下秋千。,,,,,,,,,,,,,,,,,,,,,,,,,,,,,,,,,,,,,,,,,,,,,,,,,,,,,,,,,,,,,,,,,,,,,,,,,,
S_LevelTips_Des_level_06,Text,,The password is . . .,密码是……,,,,,,,,,,,,,,,,,,,,,,,,,,,,,,,,,,,,,,,,,,,,,,,,,,,,,,,,,,,,,,,,,,,,,,,,,,
S_LevelTips_Des_level_07,Text,,Maybe the key is hidden in the box .,钥匙可能被藏在箱子里了。,,,,,,,,,,,,,,,,,,,,,,,,,,,,,,,,,,,,,,,,,,,,,,,,,,,,,,,,,,,,,,,,,,,,,,,,,,
S_LevelTips_Des_level_08,Text,,Key might not be the only way .,钥匙可能并非唯一途径。,,,,,,,,,,,,,,,,,,,,,,,,,,,,,,,,,,,,,,,,,,,,,,,,,,,,,,,,,,,,,,,,,,,,,,,,,,
S_LevelTips_Des_level_09,Text,,One More Time !,再来一次！,,,,,,,,,,,,,,,,,,,,,,,,,,,,,,,,,,,,,,,,,,,,,,,,,,,,,,,,,,,,,,,,,,,,,,,,,,
S_LevelTips_Des_level_10,Text,,Failure is the mother of success .,失败是成功之母。,,,,,,,,,,,,,,,,,,,,,,,,,,,,,,,,,,,,,,,,,,,,,,,,,,,,,,,,,,,,,,,,,,,,,,,,,,
S_LevelTips_Des_level_11,Text,,"Whoa . . . 
The door flew away !",哇哦！门飞走了！,,,,,,,,,,,,,,,,,,,,,,,,,,,,,,,,,,,,,,,,,,,,,,,,,,,,,,,,,,,,,,,,,,,,,,,,,,
S_LevelTips_Des_level_12,Text,,"Where is the 
""Stepping Stone"" ?","""「垫脚石」在哪儿？""",,,,,,,,,,,,,,,,,,,,,,,,,,,,,,,,,,,,,,,,,,,,,,,,,,,,,,,,,,,,,,,,,,,,,,,,,,
S_LevelTips_Des_level_13,Text,,Find the right way to go .,又得找到对的路,,,,,,,,,,,,,,,,,,,,,,,,,,,,,,,,,,,,,,,,,,,,,,,,,,,,,,,,,,,,,,,,,,,,,,,,,,
S_LevelTips_Des_level_13_02,Text,,"OKay . 
This is the ""Right"" Way !",好，这就对了。,,,,,,,,,,,,,,,,,,,,,,,,,,,,,,,,,,,,,,,,,,,,,,,,,,,,,,,,,,,,,,,,,,,,,,,,,,
S_LevelTips_Des_level_14,Text,,Low Water Pressure .,水压过低。,,,,,,,,,,,,,,,,,,,,,,,,,,,,,,,,,,,,,,,,,,,,,,,,,,,,,,,,,,,,,,,,,,,,,,,,,,
S_LevelTips_Des_level_15,Text,,Follow the rules . . . again?,再次遵守规则？,,,,,,,,,,,,,,,,,,,,,,,,,,,,,,,,,,,,,,,,,,,,,,,,,,,,,,,,,,,,,,,,,,,,,,,,,,
S_LevelTips_Des_level_15_02,Text,,Way to the Finish .,通往终点的路。,,,,,,,,,,,,,,,,,,,,,,,,,,,,,,,,,,,,,,,,,,,,,,,,,,,,,,,,,,,,,,,,,,,,,,,,,,
S_LevelTips_Des_level_15_03,Text,,You're almost there !,你就要到了！,,,,,,,,,,,,,,,,,,,,,,,,,,,,,,,,,,,,,,,,,,,,,,,,,,,,,,,,,,,,,,,,,,,,,,,,,,
S_LevelTips_Des_level_16,Text,,"Perhaps . . . 
Try going under?",怎么才能游下去呢？,,,,,,,,,,,,,,,,,,,,,,,,,,,,,,,,,,,,,,,,,,,,,,,,,,,,,,,,,,,,,,,,,,,,,,,,,,
S_LevelTips_Des_level_17,Text,,It's time to run away !,快跑！,,,,,,,,,,,,,,,,,,,,,,,,,,,,,,,,,,,,,,,,,,,,,,,,,,,,,,,,,,,,,,,,,,,,,,,,,,
S_LevelTips_Des_level_18,Text,,Lockpicking Master .,开锁大师。,,,,,,,,,,,,,,,,,,,,,,,,,,,,,,,,,,,,,,,,,,,,,,,,,,,,,,,,,,,,,,,,,,,,,,,,,,
S_LevelTips_Des_level_19,Text,,Relative Motion .,相对运动。,,,,,,,,,,,,,,,,,,,,,,,,,,,,,,,,,,,,,,,,,,,,,,,,,,,,,,,,,,,,,,,,,,,,,,,,,,
S_LevelTips_Des_level_20,Text,,Is this a Dream?,这是梦境吗？,,,,,,,,,,,,,,,,,,,,,,,,,,,,,,,,,,,,,,,,,,,,,,,,,,,,,,,,,,,,,,,,,,,,,,,,,,
S_LevelTips_Des_level_21,Text,,It's too noisy ! ?,噪音扰民？！,,,,,,,,,,,,,,,,,,,,,,,,,,,,,,,,,,,,,,,,,,,,,,,,,,,,,,,,,,,,,,,,,,,,,,,,,,
S_LevelTips_Des_level_22,Text,,"Though unseen , it exists .",看不见的存在。,,,,,,,,,,,,,,,,,,,,,,,,,,,,,,,,,,,,,,,,,,,,,,,,,,,,,,,,,,,,,,,,,,,,,,,,,,
S_LevelTips_Des_level_23,Text,,How to go to next level?,如何前往下一关？,,,,,,,,,,,,,,,,,,,,,,,,,,,,,,,,,,,,,,,,,,,,,,,,,,,,,,,,,,,,,,,,,,,,,,,,,,
S_LevelTips_Des_level_24,Text,,The water resistance is way too strong ! ?,水的阻力太强了？！,,,,,,,,,,,,,,,,,,,,,,,,,,,,,,,,,,,,,,,,,,,,,,,,,,,,,,,,,,,,,,,,,,,,,,,,,,
S_LevelTips_Des_level_25,Text,,"Swiper, no swiping .",捣蛋鬼别捣蛋！,,,,,,,,,,,,,,,,,,,,,,,,,,,,,,,,,,,,,,,,,,,,,,,,,,,,,,,,,,,,,,,,,,,,,,,,,,
S_LevelTips_Des_level_26,Text,,"""Unity""","""团结""",,,,,,,,,,,,,,,,,,,,,,,,,,,,,,,,,,,,,,,,,,,,,,,,,,,,,,,,,,,,,,,,,,,,,,,,,,
S_LevelTips_Des_level_26_01,Text,,is strength !,就是力量！,,,,,,,,,,,,,,,,,,,,,,,,,,,,,,,,,,,,,,,,,,,,,,,,,,,,,,,,,,,,,,,,,,,,,,,,,,
S_LevelTips_Des_level_27,Text,,Disguise Master .,伪装大师。,,,,,,,,,,,,,,,,,,,,,,,,,,,,,,,,,,,,,,,,,,,,,,,,,,,,,,,,,,,,,,,,,,,,,,,,,,
S_LevelTips_Des_level_28,Text,,Power up ! ?,获得能力？,,,,,,,,,,,,,,,,,,,,,,,,,,,,,,,,,,,,,,,,,,,,,,,,,,,,,,,,,,,,,,,,,,,,,,,,,,
S_LevelTips_Des_level_28_01,Text,,Double jump !,二段跳,,,,,,,,,,,,,,,,,,,,,,,,,,,,,,,,,,,,,,,,,,,,,,,,,,,,,,,,,,,,,,,,,,,,,,,,,,
S_LevelTips_Des_level_28_02,Text,,Speed up !,加速,,,,,,,,,,,,,,,,,,,,,,,,,,,,,,,,,,,,,,,,,,,,,,,,,,,,,,,,,,,,,,,,,,,,,,,,,,
S_LevelTips_Des_level_28_03,Text,,Triple jump !,三段跳,,,,,,,,,,,,,,,,,,,,,,,,,,,,,,,,,,,,,,,,,,,,,,,,,,,,,,,,,,,,,,,,,,,,,,,,,,
S_LevelTips_Des_level_28_04,Text,,Leap forward !,向前跃进！,,,,,,,,,,,,,,,,,,,,,,,,,,,,,,,,,,,,,,,,,,,,,,,,,,,,,,,,,,,,,,,,,,,,,,,,,,
S_LevelTips_Des_level_29,Text,,Run away !,跑起来！,,,,,,,,,,,,,,,,,,,,,,,,,,,,,,,,,,,,,,,,,,,,,,,,,,,,,,,,,,,,,,,,,,,,,,,,,,
S_LevelTips_Des_level_30,Text,,Fake products .,冒牌货。,,,,,,,,,,,,,,,,,,,,,,,,,,,,,,,,,,,,,,,,,,,,,,,,,,,,,,,,,,,,,,,,,,,,,,,,,,
S_LevelTips_Des_level_31,Text,,Stand and deliver !,此山是我开！,,,,,,,,,,,,,,,,,,,,,,,,,,,,,,,,,,,,,,,,,,,,,,,,,,,,,,,,,,,,,,,,,,,,,,,,,,
S_LevelTips_Des_level_32,Text,,To the moon .,去月球。,,,,,,,,,,,,,,,,,,,,,,,,,,,,,,,,,,,,,,,,,,,,,,,,,,,,,,,,,,,,,,,,,,,,,,,,,,
S_LevelTips_Des_level_33,Text,,Lucky Time !,幸运时刻！,,,,,,,,,,,,,,,,,,,,,,,,,,,,,,,,,,,,,,,,,,,,,,,,,,,,,,,,,,,,,,,,,,,,,,,,,,
S_LevelTips_Des_level_34,Text,,Unreliable button .,不靠谱的按钮。,,,,,,,,,,,,,,,,,,,,,,,,,,,,,,,,,,,,,,,,,,,,,,,,,,,,,,,,,,,,,,,,,,,,,,,,,,
S_LevelTips_Des_level_35,Text,,Find the largest number .,找出最大的数字。,,,,,,,,,,,,,,,,,,,,,,,,,,,,,,,,,,,,,,,,,,,,,,,,,,,,,,,,,,,,,,,,,,,,,,,,,,
S_LevelTips_Des_level_36,Text,,Follow the rules .,请遵守交规。,,,,,,,,,,,,,,,,,,,,,,,,,,,,,,,,,,,,,,,,,,,,,,,,,,,,,,,,,,,,,,,,,,,,,,,,,,
S_LevelTips_Des_level_37,Text,,I'm not a robot.,我不是机器人。,,,,,,,,,,,,,,,,,,,,,,,,,,,,,,,,,,,,,,,,,,,,,,,,,,,,,,,,,,,,,,,,,,,,,,,,,,
S_LevelTips_Des_level_37_01,Text,,Select all items with,选中所有包含下列的区域,,,,,,,,,,,,,,,,,,,,,,,,,,,,,,,,,,,,,,,,,,,,,,,,,,,,,,,,,,,,,,,,,,,,,,,,,,
S_LevelTips_Des_level_37_02,Text,,VERIFY,验证,,,,,,,,,,,,,,,,,,,,,,,,,,,,,,,,,,,,,,,,,,,,,,,,,,,,,,,,,,,,,,,,,,,,,,,,,,
S_LevelTips_Des_level_37_03,Text,,traffic lights,交通灯,,,,,,,,,,,,,,,,,,,,,,,,,,,,,,,,,,,,,,,,,,,,,,,,,,,,,,,,,,,,,,,,,,,,,,,,,,
S_LevelTips_Des_level_37_04,Text,,bicycles,自行车,,,,,,,,,,,,,,,,,,,,,,,,,,,,,,,,,,,,,,,,,,,,,,,,,,,,,,,,,,,,,,,,,,,,,,,,,,
S_LevelTips_Des_level_37_05,Text,,cars,小汽车,,,,,,,,,,,,,,,,,,,,,,,,,,,,,,,,,,,,,,,,,,,,,,,,,,,,,,,,,,,,,,,,,,,,,,,,,,
S_LevelTips_Des_level_37_06,Text,,reCAPTCHA,人机验证,,,,,,,,,,,,,,,,,,,,,,,,,,,,,,,,,,,,,,,,,,,,,,,,,,,,,,,,,,,,,,,,,,,,,,,,,,
S_LevelTips_Des_level_37_07,Text,,I'm not a robot.,我不是机器人,,,,,,,,,,,,,,,,,,,,,,,,,,,,,,,,,,,,,,,,,,,,,,,,,,,,,,,,,,,,,,,,,,,,,,,,,,
S_LevelTips_Des_level_37_08,Text,,Click to begin verification.,点击按钮开始验证,,,,,,,,,,,,,,,,,,,,,,,,,,,,,,,,,,,,,,,,,,,,,,,,,,,,,,,,,,,,,,,,,,,,,,,,,,
S_LevelTips_Des_level_37_09,Text,,Veriftication Success !,验证成功,,,,,,,,,,,,,,,,,,,,,,,,,,,,,,,,,,,,,,,,,,,,,,,,,,,,,,,,,,,,,,,,,,,,,,,,,,
S_LevelTips_Des_level_38,Text,,,0,,,,,,,,,,,,,,,,,,,,,,,,,,,,,,,,,,,,,,,,,,,,,,,,,,,,,,,,,,,,,,,,,,,,,,,,,,
S_LevelTips_Des_level_39,Text,,The fan is too powerful ! ,这风扇真有力气。,,,,,,,,,,,,,,,,,,,,,,,,,,,,,,,,,,,,,,,,,,,,,,,,,,,,,,,,,,,,,,,,,,,,,,,,,,
S_LevelTips_Des_level_40,Text,,"Turn to another Spinning Wheel . 
And turn to . . . ","来到另一个抽奖转盘。
然后来到哪里呢？",,,,,,,,,,,,,,,,,,,,,,,,,,,,,,,,,,,,,,,,,,,,,,,,,,,,,,,,,,,,,,,,,,,,,,,,,,
S_LevelTips_Des_level_40_2,Text,,Turn to another page !,来到下一页！,,,,,,,,,,,,,,,,,,,,,,,,,,,,,,,,,,,,,,,,,,,,,,,,,,,,,,,,,,,,,,,,,,,,,,,,,,
S_LevelTips_Des_level_41,Text,,Find the right way to go II. ,又得找到对的路 2,,,,,,,,,,,,,,,,,,,,,,,,,,,,,,,,,,,,,,,,,,,,,,,,,,,,,,,,,,,,,,,,,,,,,,,,,,
S_LevelTips_Des_level_41_1,Text,,"OKay . 
This is the Right Way !",好，这就对了。,,,,,,,,,,,,,,,,,,,,,,,,,,,,,,,,,,,,,,,,,,,,,,,,,,,,,,,,,,,,,,,,,,,,,,,,,,
S_LevelTips_Des_level_42,Text,,Stop the balloon !,让气球暂停！,,,,,,,,,,,,,,,,,,,,,,,,,,,,,,,,,,,,,,,,,,,,,,,,,,,,,,,,,,,,,,,,,,,,,,,,,,
S_LevelTips_Des_level_52,Text,,Make some fire in an old-school way !,用一种神秘的远古之力来生火。,,,,,,,,,,,,,,,,,,,,,,,,,,,,,,,,,,,,,,,,,,,,,,,,,,,,,,,,,,,,,,,,,,,,,,,,,,
S_LevelTips_Des_level_999,Text,,"Coming soon...
Stay tuned for the new adventure !","即将推出...
敬请期待新的冒险！",,,,,,,,,,,,,,,,,,,,,,,,,,,,,,,,,,,,,,,,,,,,,,,,,,,,,,,,,,,,,,,,,,,,,,,,,,
S_answer_Des_level_01,Text,,Enter the door to pass the level .,进入门内通过关卡。,,,,,,,,,,,,,,,,,,,,,,,,,,,,,,,,,,,,,,,,,,,,,,,,,,,,,,,,,,,,,,,,,,,,,,,,,,
S_answer_Des_level_02,Text,,"First obtain the key to unlock, then enter the door.",首先获得解锁的钥匙，然后进入门内。,,,,,,,,,,,,,,,,,,,,,,,,,,,,,,,,,,,,,,,,,,,,,,,,,,,,,,,,,,,,,,,,,,,,,,,,,,
S_answer_Des_level_03,Text,,"Push the box , 
then step on the box to jump onto the platform .",推动箱子，然后踩上箱子，跳上平台。,,,,,,,,,,,,,,,,,,,,,,,,,,,,,,,,,,,,,,,,,,,,,,,,,,,,,,,,,,,,,,,,,,,,,,,,,,
S_answer_Des_level_04,Text,,Quickly and continuously tap (click) the door several times .,快速连续点击（单击）门几次。,,,,,,,,,,,,,,,,,,,,,,,,,,,,,,,,,,,,,,,,,,,,,,,,,,,,,,,,,,,,,,,,,,,,,,,,,,
S_answer_Des_level_05,Text,,Cut the rope.,剪断绳子。,,,,,,,,,,,,,,,,,,,,,,,,,,,,,,,,,,,,,,,,,,,,,,,,,,,,,,,,,,,,,,,,,,,,,,,,,,
S_answer_Des_level_06,Text,,The password is 3421 .,密码是3421。,,,,,,,,,,,,,,,,,,,,,,,,,,,,,,,,,,,,,,,,,,,,,,,,,,,,,,,,,,,,,,,,,,,,,,,,,,
S_answer_Des_level_07,Text,,Drag the box to a high position and then drop it .,将箱子拖到高处然后释放。,,,,,,,,,,,,,,,,,,,,,,,,,,,,,,,,,,,,,,,,,,,,,,,,,,,,,,,,,,,,,,,,,,,,,,,,,,
S_answer_Des_level_08,Text,,Directly drag the lock away .,直接移开锁。,,,,,,,,,,,,,,,,,,,,,,,,,,,,,,,,,,,,,,,,,,,,,,,,,,,,,,,,,,,,,,,,,,,,,,,,,,
S_answer_Des_level_09,Text,,You secretly learnt double jump in this level .,这次，你偷学了梯云纵，可以二段跳啦,,,,,,,,,,,,,,,,,,,,,,,,,,,,,,,,,,,,,,,,,,,,,,,,,,,,,,,,,,,,,,,,,,,,,,,,,,
S_answer_Des_level_10,Text,,"At the first cliff, jump down .",跳下第一个悬崖,,,,,,,,,,,,,,,,,,,,,,,,,,,,,,,,,,,,,,,,,,,,,,,,,,,,,,,,,,,,,,,,,,,,,,,,,,
S_answer_Des_level_11,Text,,Tap to pop the balloon .,点击以刺破气球。,,,,,,,,,,,,,,,,,,,,,,,,,,,,,,,,,,,,,,,,,,,,,,,,,,,,,,,,,,,,,,,,,,,,,,,,,,
S_answer_Des_level_12,Text,,"Drag any of top-left button or ""Jump"" to create stepping stones.",拖动任意左上角的按钮或跳跃按钮来制造垫脚石。,,,,,,,,,,,,,,,,,,,,,,,,,,,,,,,,,,,,,,,,,,,,,,,,,,,,,,,,,,,,,,,,,,,,,,,,,,
S_answer_Des_level_13,Text,,Walk to the right .,向又（右）走。,,,,,,,,,,,,,,,,,,,,,,,,,,,,,,,,,,,,,,,,,,,,,,,,,,,,,,,,,,,,,,,,,,,,,,,,,,
S_answer_Des_level_14,Text,,Press and hold one side of the fountain with your finger to increase the water pressure on the other side .,用手指按住一边喷泉，让另一边水压更大,,,,,,,,,,,,,,,,,,,,,,,,,,,,,,,,,,,,,,,,,,,,,,,,,,,,,,,,,,,,,,,,,,,,,,,,,,
S_answer_Des_level_15,Text,,Tap the traffic light multiple times to destroy it !,连续点击红绿灯来摧毁它！,,,,,,,,,,,,,,,,,,,,,,,,,,,,,,,,,,,,,,,,,,,,,,,,,,,,,,,,,,,,,,,,,,,,,,,,,,
S_answer_Des_level_16,Text,,Drag the jump button upward to reveal the dive button hidden .,向上拖动跳跃键，揭开向下键的面纱,,,,,,,,,,,,,,,,,,,,,,,,,,,,,,,,,,,,,,,,,,,,,,,,,,,,,,,,,,,,,,,,,,,,,,,,,,
S_answer_Des_level_17,Text,,"Tap to open the initial door, then let the dog enter this door.",点击打开你来时的门，然后让狗狗进去！,,,,,,,,,,,,,,,,,,,,,,,,,,,,,,,,,,,,,,,,,,,,,,,,,,,,,,,,,,,,,,,,,,,,,,,,,,
S_answer_Des_level_18,Text,,"After obtaining the yellow key, go directly to open the door instead of opening the 
treasure chest . ",找到黄色钥匙后直接去开门，别贪心下一个宝箱哟！,,,,,,,,,,,,,,,,,,,,,,,,,,,,,,,,,,,,,,,,,,,,,,,,,,,,,,,,,,,,,,,,,,,,,,,,,,
S_answer_Des_level_19,Text,,The floor can be dragged .,可以拖动地面,,,,,,,,,,,,,,,,,,,,,,,,,,,,,,,,,,,,,,,,,,,,,,,,,,,,,,,,,,,,,,,,,,,,,,,,,,
S_answer_Des_level_20,Text,,Press and hold the door that mimics you to stop its movement .,用手指按住那个模仿你的门！,,,,,,,,,,,,,,,,,,,,,,,,,,,,,,,,,,,,,,,,,,,,,,,,,,,,,,,,,,,,,,,,,,,,,,,,,,
S_answer_Des_level_21,Text,,Turn off the sound and sound effects in the pause menu .,在暂停菜单中关闭声音和音效。,,,,,,,,,,,,,,,,,,,,,,,,,,,,,,,,,,,,,,,,,,,,,,,,,,,,,,,,,,,,,,,,,,,,,,,,,,
S_answer_Des_level_22,Text,,There are hidden bricks to step on at the starting position of the second cliff .,第二处悬崖前有隐形的砖块踏板。,,,,,,,,,,,,,,,,,,,,,,,,,,,,,,,,,,,,,,,,,,,,,,,,,,,,,,,,,,,,,,,,,,,,,,,,,,
S_answer_Des_level_23,Text,,"Tap the ""next level"" text to proceed to the next level .",点击“下一关”文字进入下一关。,,,,,,,,,,,,,,,,,,,,,,,,,,,,,,,,,,,,,,,,,,,,,,,,,,,,,,,,,,,,,,,,,,,,,,,,,,
S_answer_Des_level_24,Text,,"Drag the ""right"" button to the right then drag the pipe plug away !",向右拖动右行键，然后拖开木塞放水！,,,,,,,,,,,,,,,,,,,,,,,,,,,,,,,,,,,,,,,,,,,,,,,,,,,,,,,,,,,,,,,,,,,,,,,,,,
S_answer_Des_level_25,Text,,Move off-screen to attack the swiper from behind !,走出屏幕，然后从后面偷袭那个捣蛋鬼！,,,,,,,,,,,,,,,,,,,,,,,,,,,,,,,,,,,,,,,,,,,,,,,,,,,,,,,,,,,,,,,,,,,,,,,,,,
S_answer_Des_level_26,Text,,Drag the first half of the hint text to the big dog .,拖动文本内容“团结” 去撞击恶犬。,,,,,,,,,,,,,,,,,,,,,,,,,,,,,,,,,,,,,,,,,,,,,,,,,,,,,,,,,,,,,,,,,,,,,,,,,,
S_answer_Des_level_27,Text,,Tap the door to disguise yourself as a door .,轻触门以伪装成门。,,,,,,,,,,,,,,,,,,,,,,,,,,,,,,,,,,,,,,,,,,,,,,,,,,,,,,,,,,,,,,,,,,,,,,,,,,
S_answer_Des_level_28,Text,,Avoid touching any upgrade items at the beginning to gain infinite jumps .,不用想着获得能力来“提升”自己了，你本来就能一直无限连跳,,,,,,,,,,,,,,,,,,,,,,,,,,,,,,,,,,,,,,,,,,,,,,,,,,,,,,,,,,,,,,,,,,,,,,,,,,
S_answer_Des_level_29,Text,,Drag the door under the saw .,将门移动到锯子下方。,,,,,,,,,,,,,,,,,,,,,,,,,,,,,,,,,,,,,,,,,,,,,,,,,,,,,,,,,,,,,,,,,,,,,,,,,,
S_answer_Des_level_30,Text,,Drag the wings to the position of the door lock .,将翅膀拖动到门锁那里。,,,,,,,,,,,,,,,,,,,,,,,,,,,,,,,,,,,,,,,,,,,,,,,,,,,,,,,,,,,,,,,,,,,,,,,,,,
S_answer_Des_level_31,Text,,"Jump infinitely into the sky to knock down the 
rich person .",无限跳向天空以击倒富有的人。,,,,,,,,,,,,,,,,,,,,,,,,,,,,,,,,,,,,,,,,,,,,,,,,,,,,,,,,,,,,,,,,,,,,,,,,,,
S_answer_Des_level_32,Text,,"Drag the ""level card"" above the spring to prevent flying .",将左上方的“关卡提示版”拖动到弹簧上方以阻止自由飞行。,,,,,,,,,,,,,,,,,,,,,,,,,,,,,,,,,,,,,,,,,,,,,,,,,,,,,,,,,,,,,,,,,,,,,,,,,,
S_answer_Des_level_33,Text,,Rotate the arrow on the wheel to the key position before drawing a prize .,在抽取奖品前将轮盘上的箭头旋转到钥匙位置。,,,,,,,,,,,,,,,,,,,,,,,,,,,,,,,,,,,,,,,,,,,,,,,,,,,,,,,,,,,,,,,,,,,,,,,,,,
S_answer_Des_level_34,Text,,"Drag the floor upward .
You will see the buttons that fell down .",向上拖动地板，然后你会看到刚掉下去的按钮。,,,,,,,,,,,,,,,,,,,,,,,,,,,,,,,,,,,,,,,,,,,,,,,,,,,,,,,,,,,,,,,,,,,,,,,,,,
S_answer_Des_level_35,Text,,"Drag pairs of numbers together then also drag the number on the ""level card"" together .",将数字两两拖到一起，然后将左上“关卡提示版”上的数字也拖到一起。,,,,,,,,,,,,,,,,,,,,,,,,,,,,,,,,,,,,,,,,,,,,,,,,,,,,,,,,,,,,,,,,,,,,,,,,,,
S_answer_Des_level_36,Text,,Stop moving when the traffic light is red .,红灯停，绿灯行。,,,,,,,,,,,,,,,,,,,,,,,,,,,,,,,,,,,,,,,,,,,,,,,,,,,,,,,,,,,,,,,,,,,,,,,,,,
S_answer_Des_level_37,Text,,Also select the text content above all pictures.,同样要选择图片之上的文本内容,,,,,,,,,,,,,,,,,,,,,,,,,,,,,,,,,,,,,,,,,,,,,,,,,,,,,,,,,,,,,,,,,,,,,,,,,,
S_answer_Des_level_38,Text,,0,0,,,,,,,,,,,,,,,,,,,,,,,,,,,,,,,,,,,,,,,,,,,,,,,,,,,,,,,,,,,,,,,,,,,,,,,,,,
S_answer_Des_level_39,Text,,"Swipe left, then tap the switch.",向左划，然后点击开关。,,,,,,,,,,,,,,,,,,,,,,,,,,,,,,,,,,,,,,,,,,,,,,,,,,,,,,,,,,,,,,,,,,,,,,,,,,
S_answer_Des_level_40,Text,,Turn the page from the bottom-right corner of the screen,揭开屏幕右下角的书页。,,,,,,,,,,,,,,,,,,,,,,,,,,,,,,,,,,,,,,,,,,,,,,,,,,,,,,,,,,,,,,,,,,,,,,,,,,
S_answer_Des_level_41,Text,,"Drag the first two platform, use them to get higher.
then move right, jump down, and head left .",拖动前两个平台，利用平台到高处。然后向右，跳下，最后向左进门,,,,,,,,,,,,,,,,,,,,,,,,,,,,,,,,,,,,,,,,,,,,,,,,,,,,,,,,,,,,,,,,,,,,,,,,,,
S_answer_Des_level_42,Text,,Tap the pause button to stop the balloon's movement .,按下暂停按钮来让气球暂停。,,,,,,,,,,,,,,,,,,,,,,,,,,,,,,,,,,,,,,,,,,,,,,,,,,,,,,,,,,,,,,,,,,,,,,,,,,
S_answer_Des_level_43,Text,,,,,,,,,,,,,,,,,,,,,,,,,,,,,,,,,,,,,,,,,,,,,,,,,,,,,,,,,,,,,,,,,,,,,,,,,,,,,
S_answer_Des_level_44,Text,,,,,,,,,,,,,,,,,,,,,,,,,,,,,,,,,,,,,,,,,,,,,,,,,,,,,,,,,,,,,,,,,,,,,,,,,,,,,
S_answer_Des_level_52,Text,,"Rub the woodpile with your finger, 
then move to push the frozen door to the fire you created !","用你的手指摩擦木堆，
然后把冻住的门推向你生的火！",,,,,,,,,,,,,,,,,,,,,,,,,,,,,,,,,,,,,,,,,,,,,,,,,,,,,,,,,,,,,,,,,,,,,,,,,,
S_congraktTips_Des_level_01,Text,,Enter and you'll reach your destination !,去向你的目的地吧！,,,,,,,,,,,,,,,,,,,,,,,,,,,,,,,,,,,,,,,,,,,,,,,,,,,,,,,,,,,,,,,,,,,,,,,,,,
S_congraktTips_Des_level_02,Text,,"With a YELLOW key, you can open 
ALL door locks !",拥有一把万能钥匙，你可以打开所有的锁！,,,,,,,,,,,,,,,,,,,,,,,,,,,,,,,,,,,,,,,,,,,,,,,,,,,,,,,,,,,,,,,,,,,,,,,,,,
S_congraktTips_Des_level_03,Text,,Step on the crate to jump to the higher ground !,踩在箱子上跳到更高的地方！,,,,,,,,,,,,,,,,,,,,,,,,,,,,,,,,,,,,,,,,,,,,,,,,,,,,,,,,,,,,,,,,,,,,,,,,,,
S_congraktTips_Des_level_04,Text,,"Knock, knock, is anyone home?",你好，有人在家吗？,,,,,,,,,,,,,,,,,,,,,,,,,,,,,,,,,,,,,,,,,,,,,,,,,,,,,,,,,,,,,,,,,,,,,,,,,,
S_congraktTips_Des_level_05,Text,,This reminds me of a game I've played. . .,这让我想起了我玩过的一款游戏……,,,,,,,,,,,,,,,,,,,,,,,,,,,,,,,,,,,,,,,,,,,,,,,,,,,,,,,,,,,,,,,,,,,,,,,,,,
S_congraktTips_Des_level_06,Text,,This reminds me of a game I've played . . .,这让我想起了我玩过的一款游戏……,,,,,,,,,,,,,,,,,,,,,,,,,,,,,,,,,,,,,,,,,,,,,,,,,,,,,,,,,,,,,,,,,,,,,,,,,,
S_congraktTips_Des_level_07,Text,,Sometimes you really need some brute force to solve a problem !,有时候你真的需要一些蛮力来解决问题！,,,,,,,,,,,,,,,,,,,,,,,,,,,,,,,,,,,,,,,,,,,,,,,,,,,,,,,,,,,,,,,,,,,,,,,,,,
S_congraktTips_Des_level_08,Text,,It was fake after all . . .,原来一切都是假的……,,,,,,,,,,,,,,,,,,,,,,,,,,,,,,,,,,,,,,,,,,,,,,,,,,,,,,,,,,,,,,,,,,,,,,,,,,
S_congraktTips_Des_level_09,Text,,Double jump !,梯云纵！,,,,,,,,,,,,,,,,,,,,,,,,,,,,,,,,,,,,,,,,,,,,,,,,,,,,,,,,,,,,,,,,,,,,,,,,,,
S_congraktTips_Des_level_10,Text,,What's behind the locked door?,锁上的门后有什么呢？,,,,,,,,,,,,,,,,,,,,,,,,,,,,,,,,,,,,,,,,,,,,,,,,,,,,,,,,,,,,,,,,,,,,,,,,,,
S_congraktTips_Des_level_11,Text,,I want a castle carried away by balloons !,我真想要一个会像这样飞走的城堡。,,,,,,,,,,,,,,,,,,,,,,,,,,,,,,,,,,,,,,,,,,,,,,,,,,,,,,,,,,,,,,,,,,,,,,,,,,
S_congraktTips_Des_level_12,Text,,That's indeed a suitable stepping stone .,那真是不错的垫脚石。,,,,,,,,,,,,,,,,,,,,,,,,,,,,,,,,,,,,,,,,,,,,,,,,,,,,,,,,,,,,,,,,,,,,,,,,,,
S_congraktTips_Des_level_13,Text,,"Right . 
I finally got it right .",我右走对啦,,,,,,,,,,,,,,,,,,,,,,,,,,,,,,,,,,,,,,,,,,,,,,,,,,,,,,,,,,,,,,,,,,,,,,,,,,
S_congraktTips_Des_level_14,Text,,"Though I got completely soaked, the fountain was really fun !",虽然我全身湿透了，但喷泉真好玩！,,,,,,,,,,,,,,,,,,,,,,,,,,,,,,,,,,,,,,,,,,,,,,,,,,,,,,,,,,,,,,,,,,,,,,,,,,
S_congraktTips_Des_level_15,Text,,"Rules are made 
to be broken ! 
Like buildings ! 
Or people !",规则，就是用来打破的！,,,,,,,,,,,,,,,,,,,,,,,,,,,,,,,,,,,,,,,,,,,,,,,,,,,,,,,,,,,,,,,,,,,,,,,,,,
S_congraktTips_Des_level_16,Text,,"Why are there no fish in the water. . .
A deeper dream?",水里为什么没有鱼...这不会是下一层梦境吧。,,,,,,,,,,,,,,,,,,,,,,,,,,,,,,,,,,,,,,,,,,,,,,,,,,,,,,,,,,,,,,,,,,,,,,,,,,
S_congraktTips_Des_level_17,Text,,Run ! It's a dog !,快跑！有只狗！,,,,,,,,,,,,,,,,,,,,,,,,,,,,,,,,,,,,,,,,,,,,,,,,,,,,,,,,,,,,,,,,,,,,,,,,,,
S_congraktTips_Des_level_18,Text,,"Almost hooked on unboxing .
Someone said ""YELLOW key"" before?",开盲盒还挺令人上瘾的！,,,,,,,,,,,,,,,,,,,,,,,,,,,,,,,,,,,,,,,,,,,,,,,,,,,,,,,,,,,,,,,,,,,,,,,,,,
S_congraktTips_Des_level_19,Text,,"It really is a kind of ""relative motion"" . . .",确实是一次“相对运动”,,,,,,,,,,,,,,,,,,,,,,,,,,,,,,,,,,,,,,,,,,,,,,,,,,,,,,,,,,,,,,,,,,,,,,,,,,
S_congraktTips_Des_level_20,Text,,I think I need a spinning top totem to tell what's real . ,我觉得我需要一个陀螺图腾来分辨现实和梦境。,,,,,,,,,,,,,,,,,,,,,,,,,,,,,,,,,,,,,,,,,,,,,,,,,,,,,,,,,,,,,,,,,,,,,,,,,,
S_congraktTips_Des_level_21,Text,,"It's late at night ! 
Keep your 
voice down !",夜深了，别扰民哟~,,,,,,,,,,,,,,,,,,,,,,,,,,,,,,,,,,,,,,,,,,,,,,,,,,,,,,,,,,,,,,,,,,,,,,,,,,
S_congraktTips_Des_level_22,Text,,"Why can I step on air? 
Wait. . . Is Translucent here?",我可没学凌波微步啊，等等，隐形人不会在这里吧。,,,,,,,,,,,,,,,,,,,,,,,,,,,,,,,,,,,,,,,,,,,,,,,,,,,,,,,,,,,,,,,,,,,,,,,,,,
S_congraktTips_Des_level_23,Text,,"Wait, this looks like the Limbo . Are we even going deeper？",等一下，这已经很像迷失域了，难道我们还要往更深层走吗？,,,,,,,,,,,,,,,,,,,,,,,,,,,,,,,,,,,,,,,,,,,,,,,,,,,,,,,,,,,,,,,,,,,,,,,,,,
S_congraktTips_Des_level_24,Text,,I almost got flushed out with the water. . .,好险，差点被冲走了……,,,,,,,,,,,,,,,,,,,,,,,,,,,,,,,,,,,,,,,,,,,,,,,,,,,,,,,,,,,,,,,,,,,,,,,,,,
S_congraktTips_Des_level_25,Text,,"""What a swiper so playful !""",真是调皮的捣蛋鬼!,,,,,,,,,,,,,,,,,,,,,,,,,,,,,,,,,,,,,,,,,,,,,,,,,,,,,,,,,,,,,,,,,,,,,,,,,,
S_congraktTips_Des_level_26,Text,,The power of words !,字字珠玑！,,,,,,,,,,,,,,,,,,,,,,,,,,,,,,,,,,,,,,,,,,,,,,,,,,,,,,,,,,,,,,,,,,,,,,,,,,
S_congraktTips_Des_level_27,Text,,I like the masks in the middle . . .,我喜欢那些面具。,,,,,,,,,,,,,,,,,,,,,,,,,,,,,,,,,,,,,,,,,,,,,,,,,,,,,,,,,,,,,,,,,,,,,,,,,,
S_congraktTips_Des_level_28,Text,,I'm practically a superhero already ! Should’ve worked with Peter Parker . ,我原来已经是超级英雄了，早知如此该和蜘蛛侠合作的。,,,,,,,,,,,,,,,,,,,,,,,,,,,,,,,,,,,,,,,,,,,,,,,,,,,,,,,,,,,,,,,,,,,,,,,,,,
S_congraktTips_Des_level_29,Text,,"I bet nobody can do it in under 
9.6 seconds . 
Wait ... no way !",我赌一包辣条，没人能跑进9秒6。慢着……这怎么可能？！,,,,,,,,,,,,,,,,,,,,,,,,,,,,,,,,,,,,,,,,,,,,,,,,,,,,,,,,,,,,,,,,,,,,,,,,,,
S_congraktTips_Des_level_30,Text,,What kind of door do these two keys open?,另外两把钥匙能开什么门呢？,,,,,,,,,,,,,,,,,,,,,,,,,,,,,,,,,,,,,,,,,,,,,,,,,,,,,,,,,,,,,,,,,,,,,,,,,,
S_congraktTips_Des_level_31,Text,,"Just heard him talking about holding a charity lunch : 
pay-per-second .",刚听说他要办个按秒收费的慈善午餐。,,,,,,,,,,,,,,,,,,,,,,,,,,,,,,,,,,,,,,,,,,,,,,,,,,,,,,,,,,,,,,,,,,,,,,,,,,
S_congraktTips_Des_level_32,Text,,"Then we can always regroup on the moon, silly !
 Right on the rabbit’s tummy .",“那么我们总会在月亮上相遇的，傻瓜！就在小兔子的肚子那里”,,,,,,,,,,,,,,,,,,,,,,,,,,,,,,,,,,,,,,,,,,,,,,,,,,,,,,,,,,,,,,,,,,,,,,,,,,
S_congraktTips_Des_level_33,Text,,Looks like I'm the lucky one myself !,看起来我自己就是那个幸运儿！,,,,,,,,,,,,,,,,,,,,,,,,,,,,,,,,,,,,,,,,,,,,,,,,,,,,,,,,,,,,,,,,,,,,,,,,,,
S_congraktTips_Des_level_34,Text,,Stuck on too loosely...,固定得不够紧。,,,,,,,,,,,,,,,,,,,,,,,,,,,,,,,,,,,,,,,,,,,,,,,,,,,,,,,,,,,,,,,,,,,,,,,,,,
S_congraktTips_Des_level_35,Text,,"So the biggest number was here 
all along .",原来最大的数字一直在这里。,,,,,,,,,,,,,,,,,,,,,,,,,,,,,,,,,,,,,,,,,,,,,,,,,,,,,,,,,,,,,,,,,,,,,,,,,,
S_congraktTips_Des_level_36,Text,,"Follow the rules , 
stay safe !",请遵守交规，保护自身安全！,,,,,,,,,,,,,,,,,,,,,,,,,,,,,,,,,,,,,,,,,,,,,,,,,,,,,,,,,,,,,,,,,,,,,,,,,,
S_congraktTips_Des_level_37,Text,,I said I am not a Robot !,说了我不是机器人！,,,,,,,,,,,,,,,,,,,,,,,,,,,,,,,,,,,,,,,,,,,,,,,,,,,,,,,,,,,,,,,,,,,,,,,,,,
S_congraktTips_Des_level_39,Text,,Now the fan is powerless !,现在这个风扇就没力气了！,,,,,,,,,,,,,,,,,,,,,,,,,,,,,,,,,,,,,,,,,,,,,,,,,,,,,,,,,,,,,,,,,,,,,,,,,,
S_congraktTips_Des_level_40,Text,,"Based on a lesson I learned recently: April Fools'.
I think I am fooled.","根据我最近学到的愚人节教训。
我被耍了。",,,,,,,,,,,,,,,,,,,,,,,,,,,,,,,,,,,,,,,,,,,,,,,,,,,,,,,,,,,,,,,,,,,,,,,,,,
S_congraktTips_Des_level_41,Text,,"Right . 
I finally got it right . . . Again !",我再一次选对了路！,,,,,,,,,,,,,,,,,,,,,,,,,,,,,,,,,,,,,,,,,,,,,,,,,,,,,,,,,,,,,,,,,,,,,,,,,,
S_congraktTips_Des_level_42,Text,,Abracadabra ! stop !,嘛哩嘛哩哄！定！,,,,,,,,,,,,,,,,,,,,,,,,,,,,,,,,,,,,,,,,,,,,,,,,,,,,,,,,,,,,,,,,,,,,,,,,,,
S_congraktTips_Des_level_52,Text,,Old-school power ! Only heard in some stories .,这种远古之力我只在传说里听过。,,,,,,,,,,,,,,,,,,,,,,,,,,,,,,,,,,,,,,,,,,,,,,,,,,,,,,,,,,,,,,,,,,,,,,,,,,
S_test,Text,,test,测试,,,,,,,,,,,,,,,,,,,,,,,,,,,,,,,,,,,,,,,,,,,,,,,,,,,,,,,,,,,,,,,,,,,,,,,,,,
U_Loading_Des_01,Text,,Loading...,加载中……,,,,,,,,,,,,,,,,,,,,,,,,,,,,,,,,,,,,,,,,,,,,,,,,,,,,,,,,,,,,,,,,,,,,,,,,,,
U_Loading_Btn_Start,Text,,PLAY!!,开始!!,,,,,,,,,,,,,,,,,,,,,,,,,,,,,,,,,,,,,,,,,,,,,,,,,,,,,,,,,,,,,,,,,,,,,,,,,,
U_Settings_Title_01,Text,,Settings,设置,,,,,,,,,,,,,,,,,,,,,,,,,,,,,,,,,,,,,,,,,,,,,,,,,,,,,,,,,,,,,,,,,,,,,,,,,,
U_Settings_Btn_Language,Text,,Language,语言,,,,,,,,,,,,,,,,,,,,,,,,,,,,,,,,,,,,,,,,,,,,,,,,,,,,,,,,,,,,,,,,,,,,,,,,,,
U_Settings_Privacy,Text,,Privacy Policy,隐私协议,,,,,,,,,,,,,,,,,,,,,,,,,,,,,,,,,,,,,,,,,,,,,,,,,,,,,,,,,,,,,,,,,,,,,,,,,,
U_Settings_Termes,Text,,Terms of Use,服务条款,,,,,,,,,,,,,,,,,,,,,,,,,,,,,,,,,,,,,,,,,,,,,,,,,,,,,,,,,,,,,,,,,,,,,,,,,,
U_Settings_Des_01,Text,,Follow Us,支持我们,,,,,,,,,,,,,,,,,,,,,,,,,,,,,,,,,,,,,,,,,,,,,,,,,,,,,,,,,,,,,,,,,,,,,,,,,,
U_Settings_Des_02,Text,,Contact us,联系我们,,,,,,,,,,,,,,,,,,,,,,,,,,,,,,,,,,,,,,,,,,,,,,,,,,,,,,,,,,,,,,,,,,,,,,,,,,
U_LevelSelection_Title_01,Text,,Level Selection,关卡选择,,,,,,,,,,,,,,,,,,,,,,,,,,,,,,,,,,,,,,,,,,,,,,,,,,,,,,,,,,,,,,,,,,,,,,,,,,
U_LevelBoard_Des_01,Text,,LEVEL,关卡,,,,,,,,,,,,,,,,,,,,,,,,,,,,,,,,,,,,,,,,,,,,,,,,,,,,,,,,,,,,,,,,,,,,,,,,,,
U_Paused_Title_01,Text,,Paused,暂停,,,,,,,,,,,,,,,,,,,,,,,,,,,,,,,,,,,,,,,,,,,,,,,,,,,,,,,,,,,,,,,,,,,,,,,,,,
U_Paused_Btn_Language,Text,,Language,语言,,,,,,,,,,,,,,,,,,,,,,,,,,,,,,,,,,,,,,,,,,,,,,,,,,,,,,,,,,,,,,,,,,,,,,,,,,
U_Paused_Btn_Menu,Text,,Menu,菜单,,,,,,,,,,,,,,,,,,,,,,,,,,,,,,,,,,,,,,,,,,,,,,,,,,,,,,,,,,,,,,,,,,,,,,,,,,
U_Paused_Btn_Resume,Text,,Resume,继续,,,,,,,,,,,,,,,,,,,,,,,,,,,,,,,,,,,,,,,,,,,,,,,,,,,,,,,,,,,,,,,,,,,,,,,,,,
U_GetTips_Des_01,Text,,"Use a ""bulb"" to get a hint?",使用一个“灯泡”来获取提示？,,,,,,,,,,,,,,,,,,,,,,,,,,,,,,,,,,,,,,,,,,,,,,,,,,,,,,,,,,,,,,,,,,,,,,,,,,
U_Common_Btn_No,Text,,No,否,,,,,,,,,,,,,,,,,,,,,,,,,,,,,,,,,,,,,,,,,,,,,,,,,,,,,,,,,,,,,,,,,,,,,,,,,,
U_Common_Btn_Yes,Text,,Yes,是,,,,,,,,,,,,,,,,,,,,,,,,,,,,,,,,,,,,,,,,,,,,,,,,,,,,,,,,,,,,,,,,,,,,,,,,,,
U_GetTips_Des_02,Text,,"Watch a video to get a free ""bulb""?",看视频免费获得一个“灯泡”？,,,,,,,,,,,,,,,,,,,,,,,,,,,,,,,,,,,,,,,,,,,,,,,,,,,,,,,,,,,,,,,,,,,,,,,,,,
U_Common_Btn_Skip,Text,,Skip,跳过,,,,,,,,,,,,,,,,,,,,,,,,,,,,,,,,,,,,,,,,,,,,,,,,,,,,,,,,,,,,,,,,,,,,,,,,,,
U_Congratulations_Btn_01,Text,,Next Level,下一关,,,,,,,,,,,,,,,,,,,,,,,,,,,,,,,,,,,,,,,,,,,,,,,,,,,,,,,,,,,,,,,,,,,,,,,,,,
U_Congratulations_Title_01,Text,,Congratulations,恭喜！,,,,,,,,,,,,,,,,,,,,,,,,,,,,,,,,,,,,,,,,,,,,,,,,,,,,,,,,,,,,,,,,,,,,,,,,,,
U_Shop_Title_01,Text,,Shop,商店,,,,,,,,,,,,,,,,,,,,,,,,,,,,,,,,,,,,,,,,,,,,,,,,,,,,,,,,,,,,,,,,,,,,,,,,,,
U_Shop_GoodsTitle_NoAds,Text,,Remove Ads,移除广告,,,,,,,,,,,,,,,,,,,,,,,,,,,,,,,,,,,,,,,,,,,,,,,,,,,,,,,,,,,,,,,,,,,,,,,,,,
U_Shop_GoodsDes_NoAds,Text,,"Remove all ads except for reward ads,allows offline play.",移除所有广告，除了奖励广告，允许离线游戏。,,,,,,,,,,,,,,,,,,,,,,,,,,,,,,,,,,,,,,,,,,,,,,,,,,,,,,,,,,,,,,,,,,,,,,,,,,
U_Shop_GoodsTitle_Bulbs_01,Text,,{0} bulbs,{0}个灯泡,,,,,,,,,,,,,,,,,,,,,,,,,,,,,,,,,,,,,,,,,,,,,,,,,,,,,,,,,,,,,,,,,,,,,,,,,,
U_Shop_GoodsTitle_Bulbs_02,Text,,{0} bulbs,{0}个灯泡,,,,,,,,,,,,,,,,,,,,,,,,,,,,,,,,,,,,,,,,,,,,,,,,,,,,,,,,,,,,,,,,,,,,,,,,,,
U_Shop_GoodsTitle_Bulbs_03,Text,,∞ bulbs,∞灯泡,,,,,,,,,,,,,,,,,,,,,,,,,,,,,,,,,,,,,,,,,,,,,,,,,,,,,,,,,,,,,,,,,,,,,,,,,,
U_Shop_GoodsDes_Bulbs_01,Text,,Pack of {0} bulbs.Use them whenever you are puzzled.,包含{0}个灯泡的包装。在你困惑时使用它们。,,,,,,,,,,,,,,,,,,,,,,,,,,,,,,,,,,,,,,,,,,,,,,,,,,,,,,,,,,,,,,,,,,,,,,,,,,
U_Shop_GoodsDes_Bulbs_02,Text,,Pack of {0} bulbs.Use them whenever you are puzzled terribly.,包含{0}个灯泡的包装。在你很困惑时使用它们。,,,,,,,,,,,,,,,,,,,,,,,,,,,,,,,,,,,,,,,,,,,,,,,,,,,,,,,,,,,,,,,,,,,,,,,,,,
U_Shop_GoodsDes_Bulbs_03,Text,,A life time supply of light bulbs!You will never be puzzled again!,无限的灯泡供应！你将再也不必困惑了！,,,,,,,,,,,,,,,,,,,,,,,,,,,,,,,,,,,,,,,,,,,,,,,,,,,,,,,,,,,,,,,,,,,,,,,,,,
U_Shop_NoAds_Des_01,Text,,Remove Interstitial Ads,移除所有非奖励视频,,,,,,,,,,,,,,,,,,,,,,,,,,,,,,,,,,,,,,,,,,,,,,,,,,,,,,,,,,,,,,,,,,,,,,,,,,
U_Shop_NoAds_Title_01,Text,,No Ads,去广告,,,,,,,,,,,,,,,,,,,,,,,,,,,,,,,,,,,,,,,,,,,,,,,,,,,,,,,,,,,,,,,,,,,,,,,,,,
U_Shop_Restore_Tips_01,Text,,Your purchase has been restored.,已恢复您的购买。,,,,,,,,,,,,,,,,,,,,,,,,,,,,,,,,,,,,,,,,,,,,,,,,,,,,,,,,,,,,,,,,,,,,,,,,,,
U_Shop_Restore_Btn_01,Text,,Restore Purchase,恢复购买,,,,,,,,,,,,,,,,,,,,,,,,,,,,,,,,,,,,,,,,,,,,,,,,,,,,,,,,,,,,,,,,,,,,,,,,,,
U_Shop_Unavailable,Text,,Unavailable,无法购买,,,,,,,,,,,,,,,,,,,,,,,,,,,,,,,,,,,,,,,,,,,,,,,,,,,,,,,,,,,,,,,,,,,,,,,,,,
U_Annouce_des_01,Text,,Level {0},第{0}关,,,,,,,,,,,,,,,,,,,,,,,,,,,,,,,,,,,,,,,,,,,,,,,,,,,,,,,,,,,,,,,,,,,,,,,,,,
S_HurryTips_Des_level_06,Text,,Password correct!,密码正确！,,,,,,,,,,,,,,,,,,,,,,,,,,,,,,,,,,,,,,,,,,,,,,,,,,,,,,,,,,,,,,,,,,,,,,,,,,
S_HurryTips_Des_level_35,Text,,{0} is not the largest number.,{0}不是最大的数字。,,,,,,,,,,,,,,,,,,,,,,,,,,,,,,,,,,,,,,,,,,,,,,,,,,,,,,,,,,,,,,,,,,,,,,,,,,
U_HurryTips_Shop_succeed,Text,,Purchase successful!,购买成功！,,,,,,,,,,,,,,,,,,,,,,,,,,,,,,,,,,,,,,,,,,,,,,,,,,,,,,,,,,,,,,,,,,,,,,,,,,
U_HurryTips_Shop_failed,Text,,purchase failed!,购买失败！,,,,,,,,,,,,,,,,,,,,,,,,,,,,,,,,,,,,,,,,,,,,,,,,,,,,,,,,,,,,,,,,,,,,,,,,,,
U_HurryTips_GetAnswer_succeed,Text,,Got a light bulb!,成功得到了一个灯泡！,,,,,,,,,,,,,,,,,,,,,,,,,,,,,,,,,,,,,,,,,,,,,,,,,,,,,,,,,,,,,,,,,,,,,,,,,,
U_HurryTips_GetAnswer_failed,Text,,Failed to obtain reward.,获取奖励失败。,,,,,,,,,,,,,,,,,,,,,,,,,,,,,,,,,,,,,,,,,,,,,,,,,,,,,,,,,,,,,,,,,,,,,,,,,,
U_HurryTips_RewardVideo_failed,Text,,"Failed to play reward video ,please try again later.",奖励视频获取失败，请重试。,,,,,,,,,,,,,,,,,,,,,,,,,,,,,,,,,,,,,,,,,,,,,,,,,,,,,,,,,,,,,,,,,,,,,,,,,,
U_HurryTips_RewardVideo_succeed,Text,,Reward video played successfully!,奖励视频播放成功！,,,,,,,,,,,,,,,,,,,,,,,,,,,,,,,,,,,,,,,,,,,,,,,,,,,,,,,,,,,,,,,,,,,,,,,,,,
U_Loading_Des_Step01,Text,开始游戏,Let's go!,出发吧！,,,,,,,,,,,,,,,,,,,,,,,,,,,,,,,,,,,,,,,,,,,,,,,,,,,,,,,,,,,,,,,,,,,,,,,,,,
U_Loading_Des_Step02,Text,请求资源版本！,Opening a new picture book...,翻开新的绘本...,,,,,,,,,,,,,,,,,,,,,,,,,,,,,,,,,,,,,,,,,,,,,,,,,,,,,,,,,,,,,,,,,,,,,,,,,,
U_Loading_Des_Step03,Text,更新资源清单！,Drawing the floor...,正在绘制地板...,,,,,,,,,,,,,,,,,,,,,,,,,,,,,,,,,,,,,,,,,,,,,,,,,,,,,,,,,,,,,,,,,,,,,,,,,,
U_Loading_Des_Step04,Text,创建资源下载器！,Drawing the sky...,正在绘制天空...,,,,,,,,,,,,,,,,,,,,,,,,,,,,,,,,,,,,,,,,,,,,,,,,,,,,,,,,,,,,,,,,,,,,,,,,,,
U_Loading_Des_Step05,Text,开始下载资源文件！,Drawing the trees...,正在绘制树木...,,,,,,,,,,,,,,,,,,,,,,,,,,,,,,,,,,,,,,,,,,,,,,,,,,,,,,,,,,,,,,,,,,,,,,,,,,
U_Loading_Des_Step06,Text,资源文件下载完毕！,Combing the puppy's fur...,正在给小狗梳毛...,,,,,,,,,,,,,,,,,,,,,,,,,,,,,,,,,,,,,,,,,,,,,,,,,,,,,,,,,,,,,,,,,,,,,,,,,,
U_Loading_Des_Step07,Text,清理未使用的缓存文件！,Looking around bored...,正在无聊的左顾右盼...,,,,,,,,,,,,,,,,,,,,,,,,,,,,,,,,,,,,,,,,,,,,,,,,,,,,,,,,,,,,,,,,,,,,,,,,,,
U_Loading_Des_Step08,Text,初始化资源包！,Initialize Package,主角正在来的路上...,,,,,,,,,,,,,,,,,,,,,,,,,,,,,,,,,,,,,,,,,,,,,,,,,,,,,,,,,,,,,,,,,,,,,,,,,,
U_Quit_Title_01,Text,,Quit?,退出？,,,,,,,,,,,,,,,,,,,,,,,,,,,,,,,,,,,,,,,,,,,,,,,,,,,,,,,,,,,,,,,,,,,,,,,,,,
U_Quit_Des_01,Text,,Are you sure you want to exit the game?,确定退出游戏吗？,,,,,,,,,,,,,,,,,,,,,,,,,,,,,,,,,,,,,,,,,,,,,,,,,,,,,,,,,,,,,,,,,,,,,,,,,,
U_Rate_Btn_01,Text,,Submit,提交,,,,,,,,,,,,,,,,,,,,,,,,,,,,,,,,,,,,,,,,,,,,,,,,,,,,,,,,,,,,,,,,,,,,,,,,,,
U_Rate_Des_01,Text,,Are you enjoying the game?   Rate us!,游戏好玩吗？评价下我们！,,,,,,,,,,,,,,,,,,,,,,,,,,,,,,,,,,,,,,,,,,,,,,,,,,,,,,,,,,,,,,,,,,,,,,,,,,
U_Rate_Des_02,Text,5 星感谢,Thank you!\nYour support really means a lot.,感谢，你的支持。,,,,,,,,,,,,,,,,,,,,,,,,,,,,,,,,,,,,,,,,,,,,,,,,,,,,,,,,,,,,,,,,,,,,,,,,,,
U_Rate_Des_03,Text,4 星感谢,Thank you!\nPlease leave your opinion.\nIt will help us make the game better!,感谢！请留下你的意见，让我们的游戏更完美。,,,,,,,,,,,,,,,,,,,,,,,,,,,,,,,,,,,,,,,,,,,,,,,,,,,,,,,,,,,,,,,,,,,,,,,,,,
U_Rate_Des_04,Text,3星及以下,"Sorry to hear that, \nPlease tell us what's wrong.\nIt will help us make the game better!",抱歉！请告诉我们哪里不好，让我们改进您的体验。,,,,,,,,,,,,,,,,,,,,,,,,,,,,,,,,,,,,,,,,,,,,,,,,,,,,,,,,,,,,,,,,,,,,,,,,,,
